group,tau_mean,ci95_low,ci95_high,n_obs
Q1,-0.04356628990562007,-0.05627369237191782,-0.031090341365770907,2997.0
Q2,-0.02297612287541577,-0.033391682090549685,-0.012426971318876122,2996.0
Q3,-0.012153881589759292,-0.020775473216114847,-0.0036785099298431425,2996.0
Q4,-0.016750244045008102,-0.025221832370609498,-0.00783480366232449,2997.0
Q4_minus_Q1,0.02668762343219105,0.011344316188379083,0.04186428023284139,5994.0
